order_id,customer_name,phone,email,order_date,payment_mode,product_name,quantity,amount
ORD-0001,Customer 1,9876500001,user1@example.com,2024-03-15,UPI,Product A,1,101
ORD-0002,Customer 2,9876500002,user2@example.com,2024-03-15,UPI,Product A,1,102
ORD-0003,Customer 3,9876500003,user3@example.com,2024-03-15,UPI,Product A,1,103
ORD-0004,Customer 4,9876500004,user4@example.com,2024-03-15,UPI,Product A,1,104
ORD-0005,Customer 5,9876500005,user5@example.com,2024-03-15,UPI,Product A,1,105
ORD-0006,Customer 6,9876500006,user6@example.com,2024-03-15,UPI,Product A,1,106
ORD-0007,Customer 7,9876500007,user7@example.com,2024-03-15,UPI,Product A,1,107
ORD-0008,Customer 8,9876500008,user8@example.com,2024-03-15,UPI,Product A,1,108
ORD-0009,Customer 9,9876500009,user9@example.com,2024-03-15,UPI,Product A,1,109
ORD-0010,Customer 10,9876500010,user10@example.com,2024-03-15,UPI,Product A,1,110
ORD-0011,Customer 11,9876500011,user11@example.com,2024-03-15,UPI,Product A,1,111
ORD-0012,Customer 12,9876500012,user12@example.com,2024-03-15,UPI,Product A,1,112
ORD-0013,Customer 13,9876500013,user13@example.com,2024-03-15,UPI,Product A,1,113
ORD-0014,Customer 14,9876500014,user14@example.com,2024-03-15,UPI,Product A,1,114
ORD-0015,Customer 15,9876500015,user15@example.com,2024-03-15,UPI,Product A,1,115
ORD-0016,Customer 16,9876500016,user16@example.com,2024-03-15,UPI,Product A,1,116
ORD-0017,Customer 17,9876500017,user17@example.com,2024-03-15,UPI,Product A,1,117
ORD-0018,Customer 18,9876500018,user18@example.com,2024-03-15,UPI,Product A,1,118
ORD-0019,Customer 19,9876500019,user19@example.com,2024-03-15,UPI,Product A,1,119
ORD-0020,Customer 20,9876500020,user20@example.com,2024-03-15,UPI,Product A,1,120
ORD-0021,Customer 21,9876500021,user21@example.com,2024-03-15,UPI,Product A,1,121
ORD-0022,Customer 22,9876500022,user22@example.com,2024-03-15,UPI,Product A,1,122
ORD-0023,Customer 23,9876500023,user23@example.com,2024-03-15,UPI,Product A,1,123
ORD-0024,Customer 24,9876500024,user24@example.com,2024-03-15,UPI,Product A,1,124
ORD-0025,Customer 25,9876500025,user25@example.com,2024-03-15,UPI,Product A,1,125
ORD-0026,Customer 26,9876500026,user26@example.com,2024-03-15,UPI,Product A,1,126
ORD-0027,Customer 27,9876500027,user27@example.com,2024-03-15,UPI,Product A,1,127
ORD-0028,Customer 28,9876500028,user28@example.com,2024-03-15,UPI,Product A,1,128
ORD-0029,Customer 29,9876500029,user29@example.com,2024-03-15,UPI,Product A,1,129
ORD-0030,Customer 30,9876500030,user30@example.com,2024-03-15,UPI,Product A,1,130
ORD-0031,Customer 31,9876500031,user31@example.com,2024-03-15,UPI,Product A,1,131
ORD-0032,Customer 32,9876500032,user32@example.com,2024-03-15,UPI,Product A,1,132
ORD-0033,Customer 33,9876500033,user33@example.com,2024-03-15,UPI,Product A,1,133
ORD-0034,Customer 34,9876500034,user34@example.com,2024-03-15,UPI,Product A,1,134
ORD-0035,Customer 35,9876500035,user35@example.com,2024-03-15,UPI,Product A,1,135
ORD-0036,Customer 36,9876500036,user36@example.com,2024-03-15,UPI,Product A,1,136
ORD-0037,Customer 37,9876500037,user37@example.com,2024-03-15,UPI,Product A,1,137
ORD-0038,Customer 38,9876500038,user38@example.com,2024-03-15,UPI,Product A,1,138
ORD-0039,Customer 39,9876500039,user39@example.com,2024-03-15,UPI,Product A,1,139
ORD-0040,Customer 40,9876500040,user40@example.com,2024-03-15,UPI,Product A,1,140
ORD-0041,Customer 41,9876500041,user41@example.com,2024-03-15,UPI,Product A,1,141
ORD-0042,Customer 42,9876500042,user42@example.com,2024-03-15,UPI,Product A,1,142
ORD-0043,Customer 43,9876500043,user43@example.com,2024-03-15,UPI,Product A,1,143
ORD-0044,Customer 44,9876500044,user44@example.com,2024-03-15,UPI,Product A,1,144
ORD-0045,Customer 45,9876500045,user45@example.com,2024-03-15,UPI,Product A,1,145
ORD-0046,Customer 46,9876500046,user46@example.com,2024-03-15,UPI,Product A,1,146
ORD-0047,Customer 47,9876500047,user47@example.com,2024-03-15,UPI,Product A,1,147
ORD-0048,Customer 48,9876500048,user48@example.com,2024-03-15,UPI,Product A,1,148
ORD-0049,Customer 49,9876500049,user49@example.com,2024-03-15,UPI,Product A,1,149
ORD-0050,Customer 50,9876500050,user50@example.com,2024-03-15,UPI,Product A,1,150
ORD-0051,Customer 51,9876500051,user51@example.com,2024-03-15,UPI,Product A,1,151
ORD-0052,Customer 52,9876500052,user52@example.com,2024-03-15,UPI,Product A,1,152
ORD-0053,Customer 53,9876500053,user53@example.com,2024-03-15,UPI,Product A,1,153
ORD-0054,Customer 54,9876500054,user54@example.com,2024-03-15,UPI,Product A,1,154
ORD-0055,Customer 55,9876500055,user55@example.com,2024-03-15,UPI,Product A,1,155
ORD-0056,Customer 56,9876500056,user56@example.com,2024-03-15,UPI,Product A,1,156
ORD-0057,Customer 57,9876500057,user57@example.com,2024-03-15,UPI,Product A,1,157
ORD-0058,Customer 58,9876500058,user58@example.com,2024-03-15,UPI,Product A,1,158
ORD-0059,Customer 59,9876500059,user59@example.com,2024-03-15,UPI,Product A,1,159
ORD-0060,Customer 60,9876500060,user60@example.com,2024-03-15,UPI,Product A,1,160
ORD-0061,Customer 61,9876500061,user61@example.com,2024-03-15,UPI,Product A,1,161
ORD-0062,Customer 62,9876500062,user62@example.com,2024-03-15,UPI,Product A,1,162
ORD-0063,Customer 63,9876500063,user63@example.com,2024-03-15,UPI,Product A,1,163
ORD-0064,Customer 64,9876500064,user64@example.com,2024-03-15,UPI,Product A,1,164
ORD-0065,Customer 65,9876500065,user65@example.com,2024-03-15,UPI,Product A,1,165
ORD-0066,Customer 66,9876500066,user66@example.com,2024-03-15,UPI,Product A,1,166
ORD-0067,Customer 67,9876500067,user67@example.com,2024-03-15,UPI,Product A,1,167
ORD-0068,Customer 68,9876500068,user68@example.com,2024-03-15,UPI,Product A,1,168
ORD-0069,Customer 69,9876500069,user69@example.com,2024-03-15,UPI,Product A,1,169
ORD-0070,Customer 70,9876500070,user70@example.com,2024-03-15,UPI,Product A,1,170
ORD-0071,Customer 71,9876500071,user71@example.com,2024-03-15,UPI,Product A,1,171
ORD-0072,Customer 72,9876500072,user72@example.com,2024-03-15,UPI,Product A,1,172
ORD-0073,Customer 73,9876500073,user73@example.com,2024-03-15,UPI,Product A,1,173
ORD-0074,Customer 74,9876500074,user74@example.com,2024-03-15,UPI,Product A,1,174
ORD-0075,Customer 75,9876500075,user75@example.com,2024-03-15,UPI,Product A,1,175
ORD-0076,Customer 76,9876500076,user76@example.com,2024-03-15,UPI,Product A,1,176
ORD-0077,Customer 77,9876500077,user77@example.com,2024-03-15,UPI,Product A,1,177
ORD-0078,Customer 78,9876500078,user78@example.com,2024-03-15,UPI,Product A,1,178
ORD-0079,Customer 79,9876500079,user79@example.com,2024-03-15,UPI,Product A,1,179
ORD-0080,Customer 80,9876500080,user80@example.com,2024-03-15,UPI,Product A,1,180
ORD-0081,Customer 81,9876500081,user81@example.com,2024-03-15,UPI,Product A,1,181
ORD-0082,Customer 82,9876500082,user82@example.com,2024-03-15,UPI,Product A,1,182
ORD-0083,Customer 83,9876500083,user83@example.com,2024-03-15,UPI,Product A,1,183
ORD-0084,Customer 84,9876500084,user84@example.com,2024-03-15,UPI,Product A,1,184
ORD-0085,Customer 85,9876500085,user85@example.com,2024-03-15,UPI,Product A,1,185
ORD-0086,Customer 86,9876500086,user86@example.com,2024-03-15,UPI,Product A,1,186
ORD-0087,Customer 87,9876500087,user87@example.com,2024-03-15,UPI,Product A,1,187
ORD-0088,Customer 88,9876500088,user88@example.com,2024-03-15,UPI,Product A,1,188
ORD-0089,Customer 89,9876500089,user89@example.com,2024-03-15,UPI,Product A,1,189
ORD-0090,Customer 90,9876500090,user90@example.com,2024-03-15,UPI,Product A,1,190
ORD-0091,Customer 91,9876500091,user91@example.com,2024-03-15,UPI,Product A,1,191
ORD-0092,Customer 92,9876500092,user92@example.com,2024-03-15,UPI,Product A,1,192
ORD-0093,Customer 93,9876500093,user93@example.com,2024-03-15,UPI,Product A,1,193
ORD-0094,Customer 94,9876500094,user94@example.com,2024-03-15,UPI,Product A,1,194
ORD-0095,Customer 95,9876500095,user95@example.com,2024-03-15,UPI,Product A,1,195
ORD-0096,Customer 96,9876500096,user96@example.com,2024-03-15,UPI,Product A,1,196
ORD-0097,Customer 97,9876500097,user97@example.com,2024-03-15,UPI,Product A,1,197
ORD-0098,Customer 98,9876500098,user98@example.com,2024-03-15,UPI,Product A,1,198
ORD-0099,Customer 99,9876500099,user99@example.com,2024-03-15,UPI,Product A,1,199
ORD-0100,Customer 100,9876500100,user100@example.com,2024-03-15,UPI,Product A,1,200
ORD-0101,Customer 101,9876500101,user101@example.com,2024-03-15,UPI,Product A,1,201
ORD-0102,Customer 102,9876500102,user102@example.com,2024-03-15,UPI,Product A,1,202
ORD-0103,Customer 103,9876500103,user103@example.com,2024-03-15,UPI,Product A,1,203
ORD-0104,Customer 104,9876500104,user104@example.com,2024-03-15,UPI,Product A,1,204
ORD-0105,Customer 105,9876500105,user105@example.com,2024-03-15,UPI,Product A,1,205
